<?xml version="1.0" encoding="utf-8" ?>
		<hibernate-mapping xmlns="urn:nhibernate-mapping-2.2"
		                   assembly="RetappGenNHibernate"
		                   namespace="RetappGenNHibernate.EN.Retapp">
		    
		    
			
				<class name="ConcursoEN" table="Concurso"> 
				  	
						<id name="Id" column="idConcurso" type="integer"> 
							<generator class="identity"/>
						</id>
			
					
					<property name="FechaFin" type="date"> 
						<column name="FechaFin"  not-null="true"/>
					</property>
					<property name="Aprobado" type="boolean"> 
						<column name="Aprobado"  not-null="true"/>
					</property>
					<property name="Finalizado" type="boolean"> 
						<column name="Finalizado"  not-null="true"/>
					</property>
					<property name="Campaña" type="string"> 
						<column name="Campaña"  not-null="true"/>
					</property>
					<property name="Cuerpo" type="string"> 
						<column name="Cuerpo"  not-null="true"/>
					</property>
					<property name="Premios" type="string"> 
						<column name="Premios"  not-null="true"/>
					</property>
					<property name="Reto" type="string"> 
						<column name="Reto"  not-null="true"/>
					</property>
					<property name="Pos" type="integer"> 
						<column name="Pos"  not-null="true"/>
					</property>
					<property name="FechaInicio" type="date"> 
						<column name="FechaInicio"  not-null="true"/>
					</property>
			
			
		  			
						<bag name="Victoria" >
							<key>
							
								
								<column name="FK_idConcurso_idConcurso"/>
					      	</key>
							<one-to-many class="RetappGenNHibernate.EN.Retapp.VictoriaEN"/>
					    </bag>
					
			
		  			
						<bag name="Participaciones" >
							<key>
							
								
								<column name="FK_idConcurso_idConcurso_0"/>
					      	</key>
							<one-to-many class="RetappGenNHibernate.EN.Retapp.ParticipacionEN"/>
					    </bag>
					
			
			
			
			
			
			
			
			
			
			
					
					
					
					
					
					
					
					
					
					
					
					
		
		 </class>	
		  
		  <query name="ConcursoENReadAllHQL">from ConcursoEN</query>
		</hibernate-mapping>
	