<?xml version="1.0" encoding="utf-8" ?>
		<hibernate-mapping xmlns="urn:nhibernate-mapping-2.2"
		                   assembly="RetappGenNHibernate"
		                   namespace="RetappGenNHibernate.EN.Retapp">
		    
		    
			
				
<joined-subclass name="VictoriaEN" extends="RetappGenNHibernate.EN.Retapp.ParticipacionEN" table="Victoria"> 
	<key>
    	
				<column name="idParticipacion"/>
		
    	
   	</key>

			
					
					<property name="Pos" type="integer"> 
						<column name="Pos"  not-null="true"/>
					</property>
					<property name="Premio" type="string"> 
						<column name="Premio"  not-null="true"/>
					</property>
			
			
		  			
						<many-to-one name="Concurso" class="RetappGenNHibernate.EN.Retapp.ConcursoEN" >	
								<column name="FK_idConcurso_idConcurso"/> 
						</many-to-one>
											 					
			
		  			
						<many-to-one name="Usuario" class="RetappGenNHibernate.EN.Retapp.UsuarioEN" >	
								<column name="FK_idUsuario_idUsuario"/> 
						</many-to-one>
											 					
			
			
					
					
					
					
		
 	  
		 </joined-subclass>
		  
		  <query name="VictoriaENReadAllHQL">from VictoriaEN</query>
		</hibernate-mapping>
	