<?xml version="1.0" encoding="utf-8" ?>
		<hibernate-mapping xmlns="urn:nhibernate-mapping-2.2"
		                   assembly="RetappGenNHibernate"
		                   namespace="RetappGenNHibernate.EN.Retapp">
		    
		    
			
				<class name="RetoEN" table="Reto"> 
				  	
						<id name="Id" column="id" type="integer"> 
							<generator class="identity"/>
						</id>
			
					
					<property name="Nombre" type="string"> 
						<column name="Nombre"  not-null="true"/>
					</property>
					<property name="Descripcion" type="string"> 
						<column name="Descripcion"  not-null="true"/>
					</property>
					<property name="FechaFin" type="date"> 
						<column name="FechaFin"  not-null="true"/>
					</property>
					<property name="Active" type="boolean"> 
						<column name="Active"  not-null="true"/>
					</property>
			
			
		  			
						<many-to-one name="Concurso" class="RetappGenNHibernate.EN.Retapp.ConcursoEN" >	
								<column name="FK_idConcurso_idConcurso"/> 
						</many-to-one>
											 					
			
			
			
			
			
			
		  			
						<bag name="Participacion" >
							<key>
							
								
								<column name="FK_id_idReto"/>
					      	</key>
							<one-to-many class="RetappGenNHibernate.EN.Retapp.ParticipacionEN"/>
					    </bag>
					
					
					
					
					
					
					
					
		
		 </class>	
		  
		  <query name="RetoENReadAllHQL">from RetoEN</query>
		</hibernate-mapping>
	